student_id,course_id,enrollment_date,completion_date,salesperson_id
572,4,2025-03-07,2021-07-21,3
810,2,2025-01-12,2020-09-26,3
390,4,2025-02-28,2023-05-14,3
305,4,2025-06-09,2021-06-17,2
636,1,2025-03-21,2024-05-31,3
758,1,2025-03-15,2024-08-04,4
213,2,2025-01-15,,1
84,2,2025-02-03,,3
566,1,2025-01-20,,4
419,4,2025-04-07,2020-02-27,3
482,3,2025-02-28,,2
296,3,2025-02-04,2021-07-21,2
465,1,2025-07-20,2023-02-02,5
947,3,2025-02-09,2022-01-13,5
641,2,2025-05-19,2021-03-29,3
558,2,2025-07-21,2021-09-30,4
931,3,2025-07-12,2020-02-06,3
74,1,2025-07-21,,2
315,3,2025-01-03,2021-10-28,4
480,3,2025-03-20,2023-09-18,1
966,3,2025-03-10,2024-10-19,3
506,4,2025-07-04,,3
41,4,2025-05-02,2024-04-18,5
619,3,2025-01-25,,5
235,1,2025-03-21,2020-01-11,2
689,3,2025-07-28,2020-05-02,3
782,2,2025-02-17,2021-06-17,3
668,4,2025-02-24,2020-06-30,1
186,4,2025-06-21,2020-10-03,1
504,1,2025-02-05,2025-05-15,4
419,3,2025-06-12,2021-05-08,3
108,2,2025-03-16,2025-06-08,5
711,4,2025-06-20,,4
968,4,2025-05-24,2020-10-04,2
564,1,2025-03-31,2023-05-26,4
323,3,2025-01-13,2025-04-23,2
994,4,2025-04-20,2021-11-07,3
845,1,2025-04-08,2020-09-09,4
556,4,2025-01-22,2022-04-28,3
193,3,2025-04-29,2021-12-26,3
511,4,2025-02-06,2020-12-06,4
209,3,2025-04-29,2022-10-01,3
950,3,2025-02-12,2020-05-30,2
716,4,2025-03-23,,2
997,2,2025-07-05,2020-09-28,3
319,1,2025-04-12,2024-06-11,1
96,2,2025-02-13,2020-08-30,1
935,1,2025-02-10,2025-04-16,2
121,2,2025-02-07,2021-07-09,5
734,3,2025-01-15,2024-07-30,3
280,4,2025-02-05,2021-01-05,5
484,2,2025-03-21,2020-01-06,5
149,4,2025-05-02,,3
614,2,2025-01-29,2022-12-07,5
283,4,2025-06-03,2020-01-14,5
807,3,2025-06-02,2020-03-25,2
290,3,2025-07-22,2021-02-13,4
594,4,2025-07-03,2020-04-08,5
458,4,2025-07-07,2024-11-29,1
566,4,2025-05-17,2021-06-21,2
330,2,2025-02-19,2024-08-30,1
245,4,2025-05-08,,1
795,4,2025-05-20,,5
763,4,2025-05-10,2020-04-27,4
831,4,2025-02-27,2020-09-28,3
680,2,2025-07-15,2024-08-06,2
38,2,2025-01-10,2023-08-21,3
605,3,2025-06-05,2023-06-08,5
896,4,2025-04-12,,3
933,4,2025-06-19,,4
148,4,2025-06-03,2022-04-25,2
994,2,2025-03-09,,4
801,3,2025-03-13,2020-07-07,1
710,4,2025-05-26,2023-08-17,3
873,3,2025-06-05,2023-08-24,5
880,4,2025-03-27,2025-02-11,5
642,4,2025-03-18,2020-02-03,1
37,1,2025-03-15,,3
701,3,2025-05-29,2021-10-15,2
765,1,2025-07-13,2023-03-28,4
101,1,2025-02-28,2021-04-11,1
711,3,2025-05-20,2023-11-01,2
48,3,2025-05-23,2022-06-27,5
301,3,2025-07-09,2023-08-22,2
150,2,2025-07-14,2021-05-10,3
580,2,2025-07-01,,1
81,4,2025-06-25,2021-04-04,4
247,4,2025-04-25,2020-04-21,2
147,2,2025-06-04,2025-02-14,2
261,4,2025-01-31,,2
10,4,2025-03-14,2021-07-22,2
694,2,2025-07-28,,4
968,3,2025-07-21,2024-02-15,2
307,4,2025-02-10,2021-11-05,2
468,3,2025-03-29,,1
394,4,2025-05-03,,3
391,3,2025-02-04,2020-01-09,2
717,3,2025-05-18,,1
850,4,2025-05-09,,5
580,1,2025-06-21,2021-12-28,4
764,4,2025-02-24,2024-11-26,4
925,3,2025-04-07,2021-06-22,4
236,3,2025-07-01,,5
195,3,2025-07-07,2022-06-10,5
739,2,2025-06-29,2024-12-26,5
926,1,2025-04-01,2022-10-09,2
452,1,2025-04-17,2021-03-19,4
750,2,2025-02-25,,2
303,3,2025-03-11,2020-01-12,5
180,2,2025-01-01,,5
553,3,2025-04-16,2024-03-08,4
936,3,2025-05-10,2022-09-12,5
264,4,2025-03-15,2021-11-04,4
303,3,2025-01-08,2021-06-24,3
480,1,2025-06-04,,3
990,2,2025-07-03,2021-10-20,3
742,4,2025-05-09,2023-09-12,4
824,3,2025-07-01,,3
405,1,2025-04-10,,3
127,4,2025-03-10,2025-02-12,2
767,3,2025-03-13,2024-06-29,3
843,3,2025-07-02,,5
240,4,2025-02-09,,3
906,3,2025-04-29,2021-10-06,1
227,1,2025-01-30,2021-08-20,2
476,3,2025-04-01,2020-06-03,3
120,2,2025-02-09,,2
39,3,2025-07-25,2024-10-07,5
119,1,2025-02-22,,5
551,2,2025-03-30,2023-03-04,2
380,4,2025-02-09,2022-03-04,1
745,2,2025-06-24,2022-01-07,5
671,1,2025-07-16,2020-07-23,4
631,4,2025-07-23,2024-06-04,5
287,1,2025-05-21,2023-09-17,3
223,4,2025-08-03,2021-07-13,1
242,3,2025-04-07,,5
703,3,2025-01-30,2021-07-25,2
661,3,2025-04-19,,3
283,2,2025-05-04,2022-01-05,5
972,4,2025-05-10,,2
218,1,2025-02-23,,4
342,2,2025-04-25,2022-08-16,3
806,2,2025-06-03,,5
784,2,2025-05-11,2020-06-07,1
833,2,2025-05-31,2021-12-18,4
152,1,2025-03-16,,5
149,2,2025-03-30,2024-05-16,4
818,2,2025-05-26,,4
888,1,2025-01-30,,5
367,2,2025-01-18,2024-04-09,4
17,2,2025-05-01,,1
130,4,2025-01-02,2021-07-08,2
764,1,2025-04-17,2025-06-19,1
797,3,2025-06-28,2021-06-03,5
112,4,2025-07-11,2023-10-15,4
969,1,2025-01-23,2023-03-14,5
931,3,2025-04-29,2025-01-03,1
988,1,2025-06-22,,3
491,4,2025-06-20,2020-01-20,4
111,4,2025-05-29,2022-07-17,2
455,1,2025-01-07,2020-12-07,1
330,2,2025-01-19,,3
282,3,2025-05-23,2022-05-25,1
612,3,2025-08-02,2021-11-16,3
620,4,2025-07-05,,5
719,1,2025-06-05,2022-11-15,3
667,2,2025-02-26,2022-10-07,1
910,2,2025-07-07,2025-06-18,5
848,4,2025-06-05,2020-06-03,4
748,1,2025-05-22,2025-05-27,4
321,3,2025-03-31,2021-04-28,2
157,4,2025-03-29,,4
852,1,2025-02-06,,2
99,3,2025-04-15,2024-08-01,4
570,1,2025-06-10,2022-04-25,3
576,3,2025-01-01,2025-01-15,5
421,3,2025-03-25,2024-01-05,3
964,4,2025-01-10,2025-05-12,3
739,1,2025-07-01,2023-12-24,2
615,3,2025-02-16,2025-02-26,5
592,2,2025-01-29,,5
494,2,2025-01-29,2020-04-09,4
359,3,2025-07-11,,2
286,2,2025-06-30,2024-07-04,5
866,1,2025-05-29,2021-08-03,5
674,3,2025-01-26,,3
280,3,2025-02-20,2022-10-30,1
360,1,2025-03-22,,5
147,4,2025-04-10,,1
759,1,2025-06-10,,3
544,2,2025-03-09,2023-06-17,5
465,3,2025-07-31,,1
320,3,2025-02-18,2022-09-04,1
582,1,2025-04-22,2020-06-28,5
160,2,2025-03-21,2024-04-30,1
51,1,2025-04-25,,5
678,4,2025-04-03,2021-08-25,4
453,4,2025-03-17,,2
774,1,2025-04-02,2020-04-02,2
114,3,2025-02-15,2022-10-22,2
608,4,2025-06-16,2022-12-18,5
316,1,2025-07-20,,2
614,1,2025-07-03,,2
309,2,2025-04-02,2020-10-10,1
783,3,2025-02-21,,4
123,1,2025-06-19,2020-02-08,1
441,2,2025-04-04,,3
546,2,2025-01-25,2021-09-25,1
854,3,2025-06-10,,1
883,1,2025-02-18,2024-07-16,4
471,1,2025-01-21,2024-11-12,5
590,4,2025-03-20,2025-07-19,4
727,4,2025-05-12,,4
415,1,2025-01-02,2022-12-20,4
176,4,2025-06-03,2021-11-02,4
942,3,2025-04-21,,2
865,1,2025-08-01,,3
604,4,2025-03-01,2020-03-31,2
406,3,2025-05-26,2023-07-10,1
227,3,2025-01-05,2020-08-17,3
79,1,2025-03-12,2024-03-14,3
199,3,2025-04-27,2022-12-13,2
982,2,2025-02-25,,4
150,3,2025-01-13,,3
617,2,2025-03-28,2022-04-15,4
672,1,2025-02-22,,1
792,4,2025-04-26,2022-03-22,2
578,4,2025-02-07,2024-07-20,3
904,3,2025-05-03,2020-07-17,4
643,3,2025-02-28,,2
70,4,2025-04-29,2023-09-30,2
311,3,2025-02-16,2022-11-19,3
361,1,2025-03-03,2021-08-25,1
463,1,2025-04-14,,3
852,3,2025-04-26,,4
885,1,2025-07-13,2021-12-31,1
520,4,2025-04-30,2023-11-28,5
568,1,2025-08-01,2021-01-08,3
830,2,2025-01-03,2024-08-06,1
488,2,2025-04-13,2023-04-03,5
462,1,2025-04-10,2020-09-28,1
858,3,2025-05-14,2021-02-20,5
87,2,2025-06-17,,1
725,4,2025-07-27,2021-09-28,3
537,2,2025-06-04,2024-02-11,1
940,3,2025-03-26,2022-01-07,2
794,3,2025-05-03,2022-08-06,1
54,3,2025-03-03,,5
97,4,2025-04-15,,1
742,2,2025-01-16,2023-08-17,1
597,2,2025-05-15,2020-03-20,3
318,4,2025-06-29,,4
726,1,2025-03-20,2023-12-18,3
386,3,2025-02-11,2023-05-04,1
687,1,2025-03-20,2022-03-06,5
434,3,2025-05-02,,5
317,2,2025-02-02,2025-03-21,3
350,4,2025-04-28,,1
141,2,2025-02-02,,2
865,1,2025-02-22,2021-07-02,2
553,1,2025-07-06,2024-01-10,5
898,2,2025-05-26,2024-05-17,4
158,2,2025-05-14,,2
710,2,2025-07-19,2021-06-03,5
45,4,2025-06-03,2021-07-23,2
737,2,2025-01-29,2020-03-30,3
626,3,2025-04-22,2021-04-05,1
803,4,2025-03-15,,2
245,3,2025-08-02,2023-07-18,5
804,4,2025-02-28,2024-05-19,3
199,3,2025-05-02,2020-08-28,5
585,4,2025-05-20,2021-04-12,2
289,4,2025-01-15,2021-04-08,4
429,2,2025-06-05,2022-12-25,2
821,2,2025-03-02,2022-04-20,5
54,4,2025-06-30,2023-05-30,2
568,1,2025-02-18,2025-03-28,4
529,1,2025-05-11,,1
782,2,2025-05-04,,5
928,2,2025-06-04,2023-05-12,1
94,2,2025-06-15,2025-02-04,5
906,3,2025-01-05,2021-01-21,1
425,1,2025-04-19,2023-08-28,3
383,2,2025-06-12,2021-04-30,3
84,3,2025-06-27,,1
327,1,2025-01-07,2025-02-01,3
666,3,2025-01-19,2025-05-10,2
141,1,2025-01-25,,5
850,4,2025-06-26,2023-08-04,5
143,4,2025-01-23,2024-11-27,2
6,1,2025-01-03,,1
221,2,2025-01-18,2020-05-17,4
745,4,2025-07-18,,2
296,2,2025-02-04,2022-11-26,5
49,2,2025-05-13,2020-04-18,2
813,4,2025-06-19,,5
857,4,2025-02-02,2024-11-22,3
17,2,2025-04-24,2023-08-20,4
299,4,2025-02-01,,5
362,2,2025-07-10,2020-07-30,4
192,1,2025-06-10,2025-04-13,4
370,1,2025-07-18,2021-11-15,1
558,1,2025-03-18,2025-06-10,5
482,1,2025-01-10,2020-03-08,1
383,3,2025-07-10,2023-04-10,3
366,1,2025-04-10,2020-03-15,2
751,1,2025-07-15,2025-02-04,3
753,3,2025-01-30,,2
361,3,2025-02-22,2020-03-21,2
180,4,2025-01-01,2021-12-19,4
491,2,2025-05-27,2021-09-24,2
65,4,2025-01-01,,4
207,1,2025-07-15,2020-10-15,1
908,1,2025-05-23,2021-01-31,3
318,4,2025-02-06,2024-01-15,1
557,4,2025-06-17,,4
772,2,2025-05-01,,5
883,1,2025-02-20,2021-01-01,1
340,3,2025-05-29,,5
377,4,2025-05-23,2024-01-07,1
762,4,2025-03-27,2021-11-19,3
396,3,2025-05-06,2020-05-20,5
509,4,2025-05-05,2024-05-19,5
817,3,2025-03-03,2023-09-28,5
745,4,2025-01-12,,5
617,2,2025-01-19,2022-11-22,5
329,1,2025-07-02,,4
677,3,2025-07-03,2022-01-23,5
618,4,2025-01-14,,2
455,3,2025-05-06,2020-10-22,3
745,3,2025-07-12,2022-06-21,3
446,3,2025-06-05,2022-06-16,2
811,1,2025-01-06,,4
653,4,2025-01-02,2022-06-07,2
821,2,2025-03-31,2021-03-02,3
147,4,2025-06-03,,4
69,2,2025-06-17,2024-05-13,4
376,3,2025-05-07,2023-01-10,4
581,1,2025-06-05,2021-01-17,4
696,4,2025-05-24,2020-05-07,1
381,4,2025-05-03,2023-06-18,4
588,2,2025-04-15,2025-03-01,1
408,3,2025-03-03,2022-04-14,4
256,1,2025-06-21,,1
191,4,2025-03-19,2024-09-06,3
936,1,2025-03-09,,5
267,4,2025-01-05,,4
627,3,2025-05-17,2023-11-06,5
503,2,2025-03-13,,4
874,1,2025-03-30,2024-10-09,3
921,4,2025-07-03,2020-11-01,4
830,3,2025-05-26,2021-07-27,3
727,1,2025-03-18,2024-01-18,1
298,3,2025-01-24,2020-06-09,5
729,2,2025-05-13,2023-09-13,1
521,2,2025-05-01,,2
206,2,2025-03-29,,1
506,1,2025-02-06,2022-03-11,3
587,3,2025-03-16,2023-07-24,5
565,2,2025-01-04,2020-01-20,5
89,1,2025-07-10,2021-11-05,5
735,4,2025-03-24,2024-05-08,2
788,4,2025-04-02,2022-12-18,3
76,2,2025-07-08,2022-02-19,1
658,1,2025-02-10,2020-05-10,5
697,3,2025-02-07,,1
849,2,2025-04-27,2024-08-10,1
133,4,2025-05-13,2024-11-03,3
890,1,2025-02-15,2023-03-08,4
531,2,2025-02-19,2025-02-25,2
166,3,2025-01-07,2025-01-27,3
231,3,2025-05-31,2022-12-28,5
532,3,2025-07-02,2022-05-11,1
257,2,2025-03-18,2023-10-27,4
565,3,2025-03-21,,5
311,1,2025-03-31,2020-05-26,5
173,2,2025-03-11,,2
640,3,2025-02-10,2022-03-29,5
578,1,2025-01-03,2020-03-08,3
30,1,2025-02-28,,1
657,3,2025-02-13,2021-11-11,2
786,4,2025-05-22,2022-08-09,1
32,4,2025-06-01,2024-11-01,4
559,3,2025-01-03,2022-11-04,2
310,4,2025-07-08,,2
827,4,2025-04-02,,3
75,1,2025-06-17,,1
426,4,2025-01-22,2022-06-28,2
349,2,2025-06-08,2020-07-14,4
736,3,2025-01-01,2023-12-03,2
882,3,2025-07-04,2022-07-18,5
134,3,2025-01-18,2021-09-10,5
109,3,2025-06-10,,1
126,3,2025-05-13,2024-07-03,1
145,1,2025-01-19,,4
969,4,2025-05-18,2025-04-25,2
429,2,2025-06-15,2020-04-18,1
924,2,2025-03-12,2023-11-29,3
957,3,2025-05-03,,1
164,4,2025-07-26,2021-01-23,2
479,4,2025-04-08,2022-07-13,3
510,1,2025-04-05,,2
403,4,2025-02-16,2020-11-24,4
221,3,2025-04-29,,2
289,4,2025-04-21,2021-06-26,3
864,4,2025-05-28,,4
9,1,2025-07-11,2025-07-31,1
904,3,2025-06-22,2022-06-09,2
783,4,2025-02-02,2022-10-10,2
411,1,2025-06-17,2022-04-08,5
200,3,2025-04-04,2023-10-27,2
76,4,2025-03-13,2024-02-10,5
783,3,2025-05-15,2023-01-11,3
639,1,2025-04-20,,4
100,4,2025-02-28,2020-02-02,5
348,3,2025-03-31,2020-12-02,3
204,4,2025-06-24,2023-02-15,2
47,1,2025-01-20,,3
342,4,2025-03-02,2023-02-22,4
153,2,2025-07-10,2020-09-24,1
628,3,2025-01-13,,4
632,3,2025-05-06,2023-11-06,4
520,4,2025-05-02,2021-01-04,4
307,4,2025-02-19,2021-09-16,3
378,3,2025-07-27,2022-10-16,2
427,3,2025-06-04,2021-02-21,4
743,1,2025-01-25,2024-08-03,3
272,2,2025-07-07,2020-11-30,5
598,4,2025-04-09,,1
645,4,2025-03-07,,4
698,2,2025-07-18,,1
971,1,2025-04-11,,4
452,3,2025-01-17,2020-05-01,2
423,2,2025-05-20,2025-02-09,2
794,4,2025-04-05,2021-06-17,1
754,1,2025-02-07,2023-12-20,1
532,2,2025-02-20,2021-12-30,1
679,4,2025-02-24,2020-01-06,2
322,2,2025-03-06,2022-06-10,4
546,3,2025-04-21,2023-12-07,1
693,3,2025-05-26,2020-11-25,2
197,2,2025-05-27,,5
306,2,2025-05-29,2023-09-27,3
305,3,2025-04-05,2020-06-17,2
707,4,2025-02-24,2025-06-27,3
358,3,2025-03-27,,4
588,4,2025-05-30,2024-03-14,3
405,3,2025-06-02,2023-01-21,5
824,2,2025-06-21,,3
295,1,2025-07-22,2024-01-03,3
453,3,2025-08-01,2024-07-14,5
220,2,2025-06-25,2024-01-06,3
278,3,2025-07-25,,1
631,2,2025-03-17,,1
686,2,2025-04-14,2024-03-23,4
54,1,2025-07-31,2021-07-22,2
735,4,2025-06-11,,1
790,2,2025-03-21,,5
564,2,2025-05-04,2020-02-24,4
958,4,2025-04-29,2024-01-17,2
205,3,2025-07-12,2022-01-01,2
662,1,2025-05-27,2021-08-22,5
92,2,2025-03-02,2021-01-04,1
741,1,2025-06-01,2025-07-22,4
180,4,2025-01-12,2020-07-08,4
181,1,2025-01-14,2024-11-14,1
407,4,2025-04-28,,1
767,3,2025-01-11,2023-06-25,2
10,3,2025-06-08,2021-08-14,1
110,3,2025-07-16,,4
657,4,2025-05-27,2023-03-15,2
138,4,2025-04-29,,1
829,1,2025-04-02,2023-01-29,1
749,4,2025-06-04,2023-01-13,2
736,2,2025-01-09,,4
346,3,2025-01-19,2024-02-09,5
776,2,2025-07-02,,3
877,4,2025-03-29,2021-12-28,4
528,3,2025-05-26,,2
686,1,2025-04-03,,4
144,4,2025-07-23,2020-09-18,5
255,1,2025-02-17,,1
242,4,2025-02-13,2021-02-24,5
977,3,2025-04-12,2021-08-09,2
741,1,2025-07-11,,2
369,2,2025-07-25,,3
122,4,2025-06-20,2022-01-19,1
416,3,2025-05-23,2023-05-26,5
655,3,2025-02-21,2025-01-22,1
227,2,2025-06-20,2022-01-17,2
490,2,2025-03-07,2020-12-30,3
621,3,2025-06-22,2021-07-20,3
563,4,2025-04-24,2022-10-14,2
822,2,2025-02-06,2020-10-04,3
697,1,2025-07-07,2024-09-13,4
541,3,2025-05-10,,2
578,1,2025-05-17,,1
561,2,2025-01-01,2022-03-25,4
154,2,2025-07-17,2024-02-01,4
533,4,2025-03-27,,2
211,4,2025-01-14,,3
523,4,2025-06-08,2023-12-10,5
465,2,2025-03-28,2025-06-05,1
468,1,2025-04-04,2024-03-14,2
689,3,2025-04-24,2021-09-24,2
406,3,2025-01-01,2024-11-23,2
764,2,2025-02-19,2021-11-18,3
47,4,2025-02-06,2024-10-20,4
66,1,2025-05-22,2023-10-12,1
71,4,2025-03-12,,4
419,2,2025-03-20,2021-08-02,1
785,4,2025-07-29,2022-06-06,2
913,4,2025-06-16,2022-03-28,5
940,4,2025-02-23,2024-07-29,5
700,2,2025-02-12,2021-12-25,3
357,1,2025-05-01,,5
551,4,2025-04-09,2023-04-06,2
746,2,2025-05-06,2020-07-01,2
775,1,2025-04-04,2022-01-24,5
475,4,2025-05-04,2024-01-12,3
844,2,2025-01-05,,1
355,2,2025-01-25,,1
960,1,2025-02-03,,1
677,4,2025-04-23,2021-01-24,4
959,1,2025-01-22,,5
69,1,2025-01-04,2024-04-18,5
458,1,2025-03-07,,1
46,4,2025-04-24,2020-07-18,5
553,2,2025-06-24,2021-11-13,2
795,1,2025-03-16,,3
297,2,2025-05-19,2020-02-21,3
750,3,2025-07-11,2022-01-06,1
792,3,2025-04-11,,2
898,2,2025-03-06,2025-02-12,1
534,2,2025-03-24,2024-12-26,2
282,1,2025-06-06,2020-10-21,1
606,2,2025-02-01,2020-09-21,4
438,4,2025-03-17,,1
353,4,2025-02-15,2023-09-20,5
327,4,2025-08-01,2025-02-21,1
308,4,2025-01-16,,4
551,4,2025-04-20,,5
231,3,2025-05-05,2020-07-10,1
148,4,2025-03-25,2020-08-05,2
576,4,2025-06-12,2022-10-27,1
571,2,2025-02-24,2024-11-22,5
262,2,2025-04-16,2020-10-23,5
81,4,2025-03-01,2020-02-25,1
95,2,2025-05-15,,1
387,1,2025-03-27,2020-08-31,4
193,2,2025-07-14,2022-05-12,5
891,3,2025-02-02,2020-01-27,4
931,1,2025-01-15,,3
195,1,2025-04-14,2025-07-24,5
773,4,2025-01-01,2024-08-31,4
713,2,2025-06-14,2023-10-16,4
246,3,2025-02-07,2022-08-08,2
390,4,2025-03-09,2022-07-06,4
368,3,2025-07-02,,5
526,4,2025-04-07,2020-12-28,3
823,4,2025-01-29,2021-08-05,3
328,2,2025-04-06,2020-01-01,4
424,1,2025-04-11,2024-03-10,4
227,2,2025-06-10,,2
567,4,2025-07-26,,4
201,3,2025-02-09,,5
584,2,2025-01-24,2024-04-27,3
671,3,2025-06-16,,2
842,4,2025-02-18,2023-08-05,2
658,4,2025-03-09,2023-04-21,3
751,3,2025-03-26,,2
738,4,2025-07-14,,4
911,1,2025-08-01,2021-09-08,3
860,1,2025-01-13,2020-05-16,2
685,1,2025-05-01,2022-02-12,3
423,2,2025-03-07,2020-03-03,1
237,1,2025-06-10,2024-03-06,4
10,2,2025-01-01,2024-10-03,3
383,1,2025-05-09,2021-03-26,2
683,4,2025-02-18,2022-06-23,1
17,1,2025-01-07,2022-10-03,4
422,1,2025-02-24,,4
740,3,2025-05-10,2023-05-27,5
294,1,2025-05-21,2023-03-17,2
715,4,2025-06-23,2023-10-25,4
932,2,2025-05-21,,2
99,2,2025-03-02,,3
635,3,2025-07-31,2023-07-03,2
274,4,2025-03-14,,4
983,4,2025-01-12,2025-02-22,4
250,2,2025-03-02,,4
848,1,2025-01-16,2020-05-31,4
879,1,2025-02-15,,4
389,4,2025-06-18,2022-03-01,4
58,1,2025-05-19,2024-09-06,4
85,4,2025-04-01,2024-02-25,4
661,3,2025-05-21,2022-08-07,3
879,1,2025-01-28,2025-07-03,3
942,1,2025-05-05,,3
923,4,2025-04-02,,4
947,1,2025-04-05,2023-10-23,2
288,1,2025-07-10,,5
871,3,2025-01-04,,2
213,2,2025-04-09,2024-09-02,2
730,4,2025-03-09,2024-05-09,2
307,2,2025-04-15,2024-07-31,2
581,4,2025-03-25,2021-05-02,5
554,3,2025-01-31,2022-12-13,2
758,2,2025-08-01,2025-02-13,5
706,1,2025-04-06,2021-11-09,3
998,3,2025-05-29,,4
448,2,2025-01-22,2024-02-27,5
349,4,2025-04-19,2022-07-28,4
335,1,2025-07-11,2023-09-10,3
803,4,2025-07-09,2023-03-10,3
365,4,2025-01-03,2025-01-09,2
697,4,2025-02-19,,4
634,3,2025-02-20,2021-05-03,2
731,1,2025-06-28,,4
158,4,2025-04-29,2024-11-23,1
650,2,2025-04-13,2023-04-28,5
325,3,2025-03-21,,4
6,3,2025-05-30,2023-03-26,3
780,3,2025-04-03,,5
90,2,2025-04-05,2025-04-03,4
571,4,2025-07-21,,1
92,3,2025-06-13,2023-12-26,2
612,3,2025-05-01,2024-10-07,2
13,3,2025-02-13,2024-06-18,3
798,1,2025-06-22,2024-06-27,5
573,2,2025-05-16,2020-09-27,2
174,4,2025-06-25,,4
276,3,2025-07-01,,5
150,1,2025-03-24,,4
283,4,2025-03-10,,2
802,1,2025-03-11,2025-07-18,4
967,2,2025-02-23,2022-03-21,1
508,2,2025-03-01,2020-03-31,2
139,3,2025-07-30,,4
406,3,2025-07-01,2021-12-17,5
390,3,2025-07-04,2024-07-28,2
441,2,2025-06-15,2021-12-01,3
618,2,2025-06-19,2022-06-14,5
182,4,2025-05-27,2022-11-01,2
299,4,2025-04-09,2023-05-27,4
801,2,2025-06-28,2020-11-20,5
288,4,2025-03-27,2023-07-26,2
955,2,2025-02-04,2023-08-23,2
559,2,2025-07-08,2023-06-22,4
564,1,2025-03-13,2021-10-17,3
473,2,2025-07-18,2022-09-26,4
299,1,2025-03-13,2024-04-24,2
815,4,2025-08-02,2021-12-31,2
143,3,2025-04-15,,4
675,2,2025-04-11,2020-01-14,3
809,4,2025-07-29,,5
613,4,2025-07-09,2023-11-02,5
548,4,2025-04-05,2022-08-17,5
810,3,2025-04-02,2022-03-20,1
832,1,2025-04-30,,1
255,3,2025-05-13,,1
628,1,2025-02-25,2023-05-09,1
661,4,2025-04-01,2023-12-28,1
340,4,2025-05-26,,1
101,3,2025-05-08,,1
765,2,2025-04-09,2023-06-29,3
401,4,2025-06-12,2021-12-11,1
603,2,2025-05-28,2023-10-27,3
26,4,2025-07-20,,3
426,1,2025-06-09,,2
964,2,2025-04-30,2021-08-30,2
352,4,2025-01-13,2024-02-07,2
534,4,2025-03-10,2024-05-12,3
100,4,2025-05-12,2020-04-02,1
464,3,2025-02-26,,3
46,1,2025-07-09,,5
352,1,2025-02-19,2020-02-13,3
169,2,2025-04-29,2020-03-02,5
566,2,2025-05-04,2021-11-14,4
437,4,2025-07-18,,4
415,2,2025-06-15,,3
674,4,2025-02-15,2023-04-27,2
756,2,2025-02-04,2023-08-08,3
440,4,2025-03-07,,3
220,2,2025-06-06,,1
721,1,2025-03-12,2022-02-20,5
819,2,2025-06-17,2020-10-27,2
202,4,2025-06-03,,2
687,4,2025-02-08,2022-04-29,2
655,3,2025-02-22,2023-08-25,4
626,4,2025-02-07,2023-09-06,1
357,3,2025-07-13,2023-01-31,5
633,2,2025-04-13,2023-06-16,5
723,3,2025-04-27,2025-02-14,4
605,1,2025-03-12,2025-03-28,2
321,1,2025-05-21,,5
120,2,2025-07-10,2020-08-15,5
145,4,2025-02-17,2021-05-01,4
142,4,2025-01-09,2024-03-14,3
499,2,2025-02-22,2022-11-26,2
502,3,2025-02-21,,1
323,4,2025-06-27,2021-03-07,2
887,3,2025-04-27,2021-01-22,4
497,2,2025-01-07,,1
394,4,2025-04-27,2020-01-30,1
504,4,2025-06-28,2021-04-23,2
455,4,2025-01-07,,4
579,1,2025-04-03,2023-06-17,4
226,3,2025-03-30,,4
231,3,2025-07-14,,4
469,4,2025-04-29,2023-08-12,2
116,1,2025-03-06,,1
557,3,2025-06-15,2021-04-18,5
775,1,2025-05-28,2024-11-11,3
452,2,2025-05-07,2022-09-05,4
105,2,2025-05-16,,5
34,4,2025-05-30,,5
883,1,2025-01-03,2020-04-19,2
121,2,2025-06-24,,4
756,3,2025-07-05,2021-01-19,1
625,4,2025-04-12,,4
143,2,2025-01-14,2024-08-28,5
825,1,2025-06-14,2021-01-30,3
546,3,2025-06-07,2024-09-24,3
173,3,2025-05-13,2022-11-23,1
300,3,2025-01-29,2025-04-10,3
976,1,2025-06-21,,1
769,4,2025-01-05,2022-03-09,2
284,2,2025-02-05,2021-09-11,2
136,2,2025-07-31,,5
330,2,2025-01-28,2021-05-20,3
693,4,2025-02-17,2020-06-19,4
592,3,2025-01-08,2020-02-05,2
385,4,2025-06-24,,1
814,1,2025-04-13,2024-02-24,2
768,3,2025-05-06,2022-05-30,3
899,3,2025-03-06,2021-12-28,3
500,3,2025-01-26,2020-02-16,1
890,1,2025-01-06,2022-11-26,3
470,3,2025-06-27,2024-05-01,5
815,4,2025-03-16,,4
440,2,2025-05-09,2022-03-04,1
331,3,2025-02-25,2023-08-02,5
592,2,2025-07-29,2022-04-24,5
497,3,2025-01-17,2020-12-21,4
781,1,2025-07-02,,2
642,4,2025-02-10,,3
952,2,2025-06-21,2023-12-03,3
1,4,2025-06-02,,2
706,2,2025-03-03,2023-10-22,5
310,2,2025-04-28,2020-05-14,3
898,3,2025-01-13,,5
370,3,2025-03-30,,1
681,2,2025-03-20,,4
641,3,2025-06-15,2021-03-05,3
774,2,2025-03-25,2024-04-26,2
94,1,2025-07-23,,1
489,1,2025-08-02,,2
232,4,2025-07-14,,3
713,3,2025-06-23,2022-07-19,3
881,4,2025-07-28,2022-12-29,4
490,1,2025-07-14,,4
92,1,2025-02-20,,3
377,3,2025-02-16,,1
793,2,2025-05-12,2022-03-13,3
694,2,2025-03-19,,4
577,1,2025-07-05,2023-02-27,1
169,4,2025-04-01,2024-11-28,3
219,2,2025-07-10,2022-12-14,5
631,4,2025-05-11,2020-06-23,1
89,1,2025-03-08,,2
127,4,2025-05-03,2021-02-22,5
440,3,2025-01-07,2021-02-13,1
254,3,2025-04-01,2025-03-18,5
255,3,2025-07-05,2022-12-19,1
708,1,2025-07-06,2020-08-03,3
675,3,2025-05-19,,4
622,2,2025-06-28,2023-02-06,2
303,1,2025-06-26,2021-04-01,4
813,2,2025-06-10,2020-07-23,4
116,2,2025-01-24,2025-07-04,4
609,1,2025-04-22,2022-09-05,1
13,3,2025-05-13,2020-02-29,3
136,4,2025-03-08,2021-11-21,4
583,4,2025-05-19,2023-07-26,3
700,2,2025-04-08,2024-12-08,3
978,1,2025-03-28,,5
70,1,2025-05-07,,4
41,1,2025-07-30,2023-03-08,4
408,3,2025-01-25,2022-12-23,3
514,4,2025-05-19,2023-10-08,2
412,1,2025-07-03,2020-01-05,3
551,2,2025-04-27,,3
318,1,2025-07-07,2022-02-26,5
209,2,2025-02-18,2020-06-29,2
401,1,2025-03-12,2021-03-02,4
448,2,2025-02-11,,3
89,4,2025-01-29,,3
627,1,2025-03-21,2023-06-01,1
760,2,2025-05-08,,4
725,2,2025-03-22,2025-05-30,1
168,4,2025-01-18,2022-04-11,3
536,3,2025-03-02,,5
130,3,2025-01-17,2021-08-09,1
121,1,2025-01-06,2024-09-10,1
440,3,2025-02-09,2024-05-01,2
270,1,2025-01-02,2023-11-27,1
524,3,2025-06-04,,2
880,2,2025-03-18,2024-02-19,1
262,1,2025-04-13,2020-02-09,2
691,1,2025-03-20,,3
522,1,2025-05-05,,1
884,1,2025-07-01,,2
484,3,2025-07-17,2020-12-25,5
154,2,2025-06-07,2021-12-02,2
879,1,2025-05-12,2021-10-21,1
936,4,2025-01-07,,1
255,4,2025-02-13,2020-04-21,1
328,3,2025-05-23,2021-10-16,1
586,3,2025-04-19,,3
690,1,2025-07-10,,5
824,1,2025-02-20,2021-09-13,1
71,4,2025-01-03,2024-07-04,2
793,3,2025-04-30,2021-04-15,5
567,4,2025-05-04,,4
206,3,2025-04-13,2022-10-30,3
312,2,2025-01-29,2023-07-01,1
606,4,2025-04-04,2021-08-09,5
795,2,2025-04-24,2020-03-13,1
560,2,2025-02-14,,1
955,4,2025-01-10,,2
555,3,2025-05-13,2021-02-10,2
711,1,2025-01-12,2023-07-24,1
2,4,2025-04-30,2021-12-15,2
745,3,2025-01-06,,1
543,2,2025-02-13,2020-04-27,1
985,1,2025-07-29,2025-03-14,1
146,3,2025-01-30,,4
944,2,2025-04-24,2021-10-19,2
533,4,2025-03-09,2023-04-18,2
382,4,2025-07-06,2025-07-20,1
87,1,2025-06-27,2024-02-21,1
653,4,2025-07-02,,4
582,1,2025-04-24,2020-11-06,3
988,2,2025-04-19,,5
268,3,2025-03-11,2020-11-16,2
403,3,2025-07-26,2023-03-16,4
279,2,2025-03-14,,2
208,2,2025-05-23,2021-02-26,4
599,1,2025-01-31,,5
169,4,2025-02-01,2023-06-08,2
417,1,2025-06-24,2020-07-17,4
988,2,2025-04-13,2021-06-06,3
475,3,2025-05-16,2023-04-27,5
93,2,2025-06-10,2020-08-07,1
312,1,2025-08-03,,4
878,3,2025-05-03,,2
729,2,2025-05-18,2023-08-19,5
406,1,2025-07-12,2022-11-02,1
267,2,2025-01-11,,1
415,4,2025-03-30,2020-01-24,2
564,2,2025-05-10,,2
105,2,2025-01-12,,3
64,2,2025-04-30,,2
844,4,2025-04-01,2023-07-18,5
646,1,2025-05-09,2022-01-24,5
266,1,2025-07-30,,2
67,2,2025-05-08,2024-11-20,1
455,2,2025-07-02,,1
868,3,2025-02-09,,2
965,4,2025-02-11,,2
947,4,2025-01-21,2022-09-11,3
405,4,2025-06-06,,2
700,4,2025-07-02,,2
220,2,2025-04-08,,4
457,2,2025-07-10,,5
635,2,2025-07-28,2020-06-18,3
511,4,2025-03-20,2022-05-29,5
491,1,2025-07-17,,4
393,2,2025-03-17,2022-06-10,5
659,2,2025-06-05,2022-07-29,3
822,1,2025-07-11,2022-10-22,2
801,3,2025-05-04,2024-12-09,4
801,4,2025-07-28,2022-07-30,3
580,3,2025-04-12,2020-02-23,3
185,1,2025-04-23,2023-01-18,2
225,1,2025-01-29,2021-12-05,5
798,3,2025-07-21,,1
484,3,2025-07-26,2020-07-31,3
239,2,2025-06-16,,3
673,2,2025-03-24,,2
836,1,2025-05-14,2023-01-01,1
971,2,2025-07-25,2021-03-15,1
817,4,2025-01-16,2023-08-21,1
860,2,2025-04-02,,4
607,3,2025-03-20,2020-02-12,3
715,3,2025-03-23,2025-05-29,1
29,3,2025-01-14,2022-09-21,5
578,2,2025-02-17,2024-06-05,4
193,4,2025-05-16,2020-03-30,1
180,4,2025-03-19,,4
58,2,2025-06-29,2021-09-12,1
21,4,2025-02-26,,1
940,2,2025-06-08,2021-09-15,3
349,2,2025-07-13,2022-07-09,5
865,3,2025-02-05,,3
152,2,2025-02-20,2024-06-27,5
867,3,2025-05-05,2025-06-09,1
383,4,2025-05-26,2021-12-25,5
345,3,2025-06-01,2020-08-24,3
1000,2,2025-03-05,2021-07-26,3
448,4,2025-04-27,2023-07-11,4
179,3,2025-03-26,,3
604,2,2025-05-22,2024-11-27,4
752,3,2025-06-11,,3
747,1,2025-03-03,2023-06-29,4
972,4,2025-05-15,2020-12-02,3
790,1,2025-04-27,,4
326,2,2025-01-13,2021-11-08,3
107,4,2025-01-23,,5
764,1,2025-07-13,,2
328,2,2025-06-21,2023-06-17,2
987,1,2025-05-09,2022-05-10,5
687,3,2025-03-07,2021-10-26,2
272,2,2025-01-24,,1
70,3,2025-06-11,,3
111,1,2025-01-13,,4
449,4,2025-07-31,2021-12-29,4
906,4,2025-06-21,2024-05-03,4
388,3,2025-03-09,2025-02-12,3
104,4,2025-04-06,2025-01-02,4
592,2,2025-01-17,,4
76,1,2025-06-09,,4
327,3,2025-02-25,2022-12-22,4
76,3,2025-03-27,,2
385,2,2025-01-07,2024-08-18,2
561,1,2025-04-01,2023-07-18,4
629,4,2025-02-05,2021-07-14,4
442,2,2025-07-25,2023-08-05,1
445,2,2025-01-24,,2
340,2,2025-04-06,2024-04-21,3
420,3,2025-01-24,2024-06-12,4
305,2,2025-05-15,,2
403,4,2025-03-22,,4
370,1,2025-05-23,2022-02-23,3
302,4,2025-01-24,,1
27,2,2025-01-07,,4
299,1,2025-07-04,2025-01-03,2
119,3,2025-07-19,2023-11-16,2
483,4,2025-02-15,2023-11-20,5
272,1,2025-06-08,2023-12-11,2
397,2,2025-05-21,2021-12-09,2
391,3,2025-07-14,,1
46,3,2025-05-04,2024-07-21,1
270,2,2025-05-24,2020-10-04,4
578,1,2025-05-22,,4
714,1,2025-04-18,,2
353,4,2025-04-21,2021-08-11,3
604,2,2025-02-24,2020-10-14,3
861,4,2025-07-06,2021-07-10,2
429,4,2025-01-06,2022-10-02,1
242,4,2025-02-11,,4
405,1,2025-03-28,2025-04-25,4
923,2,2025-02-22,,2
776,4,2025-06-23,,3
172,2,2025-05-05,2021-10-28,5
130,1,2025-02-08,2023-06-26,3
700,4,2025-04-10,,2
843,2,2025-05-19,2025-02-19,2
265,3,2025-03-09,2024-04-15,4
937,1,2025-05-31,,5
570,4,2025-01-07,2024-10-08,4
878,3,2025-05-06,2020-07-08,4
940,1,2025-02-11,2025-03-20,4
639,4,2025-01-14,,2
154,2,2025-03-23,2021-06-01,4
597,1,2025-04-04,2020-12-14,1
577,1,2025-02-03,2022-05-12,3
889,3,2025-06-11,2023-02-14,1
271,4,2025-03-17,2020-11-26,1
586,4,2025-03-28,,3
283,4,2025-05-18,,4
624,4,2025-06-24,,5
911,3,2025-06-07,2020-08-20,3
51,4,2025-04-21,2020-02-15,2
919,3,2025-06-08,,2
838,3,2025-01-01,2023-08-24,5
864,4,2025-05-26,2020-06-03,4
702,1,2025-01-15,2024-11-17,2
234,2,2025-05-24,2022-04-02,4
762,4,2025-01-11,2024-09-29,4
329,3,2025-07-02,2023-10-19,1
620,1,2025-05-31,,3
217,4,2025-02-04,2024-07-01,2
778,3,2025-01-08,2023-03-08,3
528,2,2025-02-14,,3
727,4,2025-01-14,,5
872,1,2025-06-25,,4
897,2,2025-03-19,2021-10-10,5
256,1,2025-02-22,2024-01-03,1
941,3,2025-04-18,2020-09-05,5
281,3,2025-05-08,2020-02-08,2
518,4,2025-03-07,2021-06-26,5
127,1,2025-05-06,,3
501,4,2025-06-08,,3
892,4,2025-07-23,2023-01-07,3
359,3,2025-01-27,,2
916,3,2025-02-18,2023-03-30,3
706,1,2025-07-17,,5
396,1,2025-03-31,,4
586,2,2025-04-18,2024-05-15,1
663,2,2025-01-10,2020-03-25,1
276,4,2025-06-16,2022-07-12,4
886,1,2025-02-24,2022-09-22,3
136,2,2025-06-05,2020-09-02,4
9,2,2025-05-03,,2
825,3,2025-07-28,2020-10-12,2
727,3,2025-01-24,2020-09-08,3
386,3,2025-02-12,2021-03-26,2
224,4,2025-02-04,2023-05-02,3
534,4,2025-06-10,2023-11-08,4
8,3,2025-01-12,2020-01-08,3
609,3,2025-03-16,,5
111,4,2025-01-04,,3
284,3,2025-01-30,2022-02-03,5
268,3,2025-01-30,,3
530,2,2025-07-26,2022-08-26,2
825,4,2025-04-14,2022-09-22,2
698,2,2025-07-03,2022-11-11,3
672,4,2025-01-17,2021-11-18,5
266,4,2025-03-19,2023-06-27,2
755,1,2025-05-27,2022-09-26,5
586,2,2025-07-06,2021-07-21,5
731,2,2025-04-27,2021-09-02,2
654,4,2025-02-16,2021-10-01,2
688,3,2025-05-25,2020-07-09,4
866,2,2025-07-01,2020-06-23,5
898,2,2025-04-10,,4
483,2,2025-03-06,2020-01-26,1
743,2,2025-04-02,2023-08-09,3
922,3,2025-05-06,2024-11-12,5
228,3,2025-02-24,,1
893,3,2025-05-13,2022-12-21,4
909,3,2025-07-28,2022-04-23,2
600,3,2025-06-25,2020-11-04,5
121,4,2025-01-12,,3
650,1,2025-01-24,2024-01-13,1
200,1,2025-06-08,2021-12-06,5
391,3,2025-07-27,2022-05-22,4
892,2,2025-07-24,,4
206,3,2025-02-24,2024-10-01,5
584,4,2025-03-03,,3
884,2,2025-06-12,2020-05-14,1
500,3,2025-05-19,2023-01-28,4
182,3,2025-07-26,2021-08-25,4
5,4,2025-06-09,,2
780,2,2025-01-05,2024-02-19,3
163,4,2025-03-18,2020-07-19,2
799,1,2025-01-05,,3
445,4,2025-05-28,2021-06-15,1
989,4,2025-04-29,2020-05-09,4
39,2,2025-04-19,2020-05-31,2
973,1,2025-04-28,2024-01-15,2
776,2,2025-03-05,,1
5,2,2025-05-01,,3
899,3,2025-03-12,2022-10-24,3
106,4,2025-03-29,2024-05-29,5
314,2,2025-07-28,,4
47,3,2025-04-26,2022-09-28,5
467,3,2025-05-13,2022-04-30,2
704,2,2025-07-19,2025-04-24,3
924,4,2025-03-08,2023-03-12,3
193,2,2025-04-03,2022-10-15,4
941,4,2025-01-20,,3
230,2,2025-07-01,,5
23,2,2025-04-16,,5
729,1,2025-06-18,2020-09-17,2
656,3,2025-03-29,2024-05-07,2
639,1,2025-07-30,2023-11-07,5
50,1,2025-06-19,2020-05-31,5
21,1,2025-04-08,2024-11-05,1
427,4,2025-02-15,2020-10-13,3
561,3,2025-02-04,2021-11-17,1
157,2,2025-02-26,2021-04-25,2
646,1,2025-02-18,2020-06-25,5
678,1,2025-01-24,2020-10-02,5
277,2,2025-05-05,2021-03-31,3
921,1,2025-02-13,2024-05-18,2
633,1,2025-02-23,,4
804,1,2025-02-03,2022-10-03,4
624,2,2025-06-17,2024-10-22,1
852,2,2025-07-21,2020-11-25,3
420,3,2025-02-25,,3
562,4,2025-04-12,2022-10-17,2
705,4,2025-02-11,2020-11-13,2
3,1,2025-02-04,2021-11-23,3
929,1,2025-04-27,2024-12-31,1
686,4,2025-07-04,,1
93,1,2025-01-15,2023-08-12,4
104,3,2025-02-13,2021-10-14,1
468,3,2025-06-12,,3
52,1,2025-04-09,2024-07-11,4
896,1,2025-03-28,2020-10-22,2
369,3,2025-07-14,2021-09-30,4
119,1,2025-01-06,2023-12-20,4
912,1,2025-05-17,,5
142,2,2025-05-21,2020-08-11,2
916,4,2025-01-11,2025-05-24,5
275,1,2025-01-09,2023-03-02,4
351,2,2025-02-20,,3
410,4,2025-06-29,,1
395,4,2025-04-08,2021-02-06,3
665,2,2025-01-31,,4
713,1,2025-07-15,2021-05-20,3
865,2,2025-01-26,,2
934,4,2025-05-22,2024-12-08,5
695,4,2025-02-06,,4
389,3,2025-01-22,2023-05-20,3
884,2,2025-04-10,2022-03-13,2
500,1,2025-07-01,2022-08-21,5
452,1,2025-01-04,,2
671,3,2025-05-12,,3
890,2,2025-04-22,2020-12-09,1
686,3,2025-02-18,2020-05-04,1
705,1,2025-07-21,2022-03-03,1
745,2,2025-07-10,2021-09-07,3
680,4,2025-05-30,,5
847,1,2025-06-10,,4
957,2,2025-04-25,2020-11-09,3
481,4,2025-07-01,2021-06-20,2
77,4,2025-04-25,2022-11-04,3
339,3,2025-03-28,,4
229,4,2025-06-05,2021-08-22,5
241,1,2025-02-20,2020-06-11,1
821,4,2025-03-26,,4
511,4,2025-01-04,2020-07-28,3
510,1,2025-04-15,,4
423,1,2025-07-24,2025-03-17,2
1,1,2025-02-15,2025-02-25,3
987,3,2025-07-26,2025-02-10,5
576,2,2025-06-28,2020-04-22,1
468,3,2025-05-03,2021-02-19,3
56,2,2025-07-07,2020-12-21,3
340,4,2025-04-07,2020-09-20,5
373,4,2025-02-09,,5
778,2,2025-01-18,,1
364,3,2025-06-15,2025-01-29,5
383,1,2025-03-12,,1
169,4,2025-03-31,,2
735,4,2025-04-28,,4
626,2,2025-05-16,,1
953,4,2025-07-14,,1
845,2,2025-05-20,2020-03-14,2
111,4,2025-05-02,,2
649,1,2025-04-14,2023-04-02,1
462,4,2025-06-04,2020-11-26,5
980,2,2025-02-19,2021-04-08,2
5,1,2025-02-28,2023-05-08,2
444,4,2025-01-08,2023-08-04,1
800,2,2025-04-19,2020-11-23,3
178,2,2025-05-18,,3
674,3,2025-05-23,2021-07-14,3
394,4,2025-05-08,2021-04-24,1
938,2,2025-06-29,,4
987,3,2025-02-11,2023-09-24,3
464,2,2025-06-16,,1
617,3,2025-04-22,2022-07-04,4
561,3,2025-03-24,2021-04-05,4
958,2,2025-03-30,,5
640,3,2025-03-23,2024-03-02,1
944,2,2025-04-18,2025-06-15,5
666,2,2025-03-19,2024-10-10,4
711,3,2025-06-12,2023-03-10,4
780,3,2025-03-18,2021-04-11,2
597,4,2025-04-14,2020-05-12,5
916,3,2025-07-08,2021-06-20,1
433,1,2025-04-17,2020-10-13,2
26,4,2025-05-17,,4
687,1,2025-01-09,,2
769,2,2025-04-03,2022-10-13,1
700,3,2025-07-10,,3
64,3,2025-07-06,,2
555,1,2025-02-10,2020-10-27,2
464,1,2025-07-01,2024-07-03,1
692,2,2025-05-02,2023-03-04,5
575,4,2025-07-15,,1
804,3,2025-02-05,2022-02-26,1
49,4,2025-06-10,2020-04-16,2
980,3,2025-04-25,2022-03-01,4
56,1,2025-03-06,2024-12-31,1
208,4,2025-01-01,2023-04-27,1
934,3,2025-04-20,2021-05-22,2
560,2,2025-05-16,2020-02-25,2
988,2,2025-02-08,,2
182,1,2025-08-01,,2
178,1,2025-07-11,2024-06-04,5
439,3,2025-01-19,2022-08-27,3
134,2,2025-06-05,2024-01-30,3
262,1,2025-03-03,2024-03-05,4
727,2,2025-03-10,,4
951,3,2025-04-02,2023-12-18,1
793,3,2025-03-21,2023-10-17,5
587,3,2025-03-25,,3
725,3,2025-04-28,2024-02-15,4
980,2,2025-05-08,2022-10-09,1
806,2,2025-02-01,2024-06-24,4
550,4,2025-04-07,,5
227,2,2025-05-10,2024-09-27,1
340,3,2025-05-18,,1
974,4,2025-02-16,2021-11-26,2
844,1,2025-01-20,,5
355,4,2025-04-24,,1
658,2,2025-04-30,2023-04-09,2
699,3,2025-01-10,2024-11-19,2
816,1,2025-04-02,2020-01-11,5
554,3,2025-02-19,,4
530,3,2025-02-19,2020-12-19,1
521,4,2025-05-12,2022-09-03,3
304,2,2025-07-13,2021-01-23,1
85,1,2025-04-07,,5
980,1,2025-04-15,2024-08-14,3
216,2,2025-03-31,2020-08-18,5
435,1,2025-01-07,,2
849,4,2025-06-04,2024-04-22,4
963,1,2025-07-17,2023-12-16,2
158,1,2025-02-12,2024-02-14,2
340,1,2025-02-02,,5
56,2,2025-02-15,2023-07-18,1
572,1,2025-06-10,2021-01-05,5
234,3,2025-03-27,2022-11-11,3
462,4,2025-06-11,2021-12-29,3
18,4,2025-01-21,2025-01-29,5
548,1,2025-06-10,2020-06-30,3
634,1,2025-03-07,2021-09-20,5
600,1,2025-04-05,2025-01-16,4
75,3,2025-07-08,2022-10-26,2
109,3,2025-04-24,2022-04-02,2
309,1,2025-06-16,,5
949,4,2025-07-13,2025-02-03,3
842,1,2025-02-04,2023-03-01,3
547,2,2025-05-08,,2
401,3,2025-07-19,2024-06-28,3
148,3,2025-03-12,2023-08-08,3
937,3,2025-04-01,2023-05-11,4
12,2,2025-06-02,,1
6,4,2025-04-28,2022-07-06,3
970,1,2025-04-26,2022-01-08,4
767,3,2025-07-16,,1
928,2,2025-04-11,,4
227,3,2025-07-04,,5
186,1,2025-04-25,2020-03-31,5
955,4,2025-01-26,2023-08-18,4
75,3,2025-07-07,2023-06-12,2
257,1,2025-05-04,,2
595,4,2025-04-21,2020-01-20,1
366,2,2025-05-23,2020-08-06,1
241,1,2025-03-18,,4
72,2,2025-07-09,2025-06-18,1
462,3,2025-03-24,2023-11-21,2
314,2,2025-01-25,2022-12-08,2
374,3,2025-06-08,2022-01-27,5
173,1,2025-07-07,2022-03-18,3
805,2,2025-03-31,2020-07-23,2
657,4,2025-04-18,,5
369,2,2025-07-05,2020-05-22,3
340,4,2025-05-09,2020-03-19,3
368,3,2025-07-25,2025-05-24,4
112,2,2025-06-24,2020-10-03,1
84,3,2025-04-13,2021-05-12,2
144,2,2025-06-10,,5
908,1,2025-06-18,2024-03-11,3
914,1,2025-06-10,2025-01-06,2
647,1,2025-05-10,2024-06-05,5
593,4,2025-06-24,2025-01-12,1
218,1,2025-02-24,2022-06-12,3
557,4,2025-03-30,2025-05-23,1
153,3,2025-06-15,2024-08-28,2
913,3,2025-04-28,,2
514,1,2025-06-08,2024-04-11,3
515,1,2025-06-19,2020-02-08,2
869,2,2025-05-12,2021-09-07,4
144,4,2025-02-27,,4
580,2,2025-02-10,2021-06-20,3
496,3,2025-03-22,,4
780,4,2025-03-21,,4
271,3,2025-02-12,,5
685,2,2025-02-12,2025-01-31,2
811,3,2025-06-24,2024-12-08,4
940,4,2025-03-18,2025-01-23,4
41,3,2025-06-23,,5
992,3,2025-08-03,2021-05-23,5
270,2,2025-06-29,2024-09-12,3
388,3,2025-05-09,2025-03-18,2
920,1,2025-02-23,2021-12-09,1
386,2,2025-06-09,2021-01-10,5
362,3,2025-05-13,2022-09-10,1
494,1,2025-01-03,2021-10-27,1
143,4,2025-07-11,,1
79,3,2025-04-12,,5
192,2,2025-01-13,2021-05-31,1
735,1,2025-05-23,2024-10-25,1
425,3,2025-03-16,2022-05-05,3
494,4,2025-06-24,2021-06-12,1
605,2,2025-03-27,2021-09-14,3
421,1,2025-01-29,,4
131,2,2025-01-11,,4
525,1,2025-04-25,2023-05-05,5
151,1,2025-04-28,,2
945,2,2025-02-22,2021-02-03,1
416,1,2025-03-08,2021-07-09,1
746,3,2025-03-25,2022-05-19,3
222,4,2025-02-06,2024-03-14,2
483,4,2025-05-07,,2
851,4,2025-07-10,2023-08-24,4
814,2,2025-03-08,2024-01-31,3
524,3,2025-06-21,,1
703,3,2025-07-24,2024-02-15,3
611,1,2025-05-08,,4
395,2,2025-04-08,,1
208,4,2025-07-14,2025-07-09,3
621,1,2025-07-19,,1
924,1,2025-06-23,2022-11-29,1
545,1,2025-07-16,,3
676,2,2025-07-31,2022-04-01,2
553,1,2025-02-17,2021-05-27,3
794,4,2025-06-20,2021-02-07,4
380,1,2025-05-26,2022-08-16,2
440,2,2025-06-03,2024-08-28,1
494,4,2025-03-19,2024-09-01,1
824,1,2025-07-17,2024-11-24,4
261,4,2025-03-08,2024-07-11,2
932,1,2025-06-19,,1
898,4,2025-04-29,,1
6,1,2025-03-27,2024-05-18,1
121,1,2025-07-15,2025-05-23,2
211,3,2025-07-05,2024-08-23,4
110,2,2025-05-01,2020-03-06,5
600,3,2025-05-06,,5
549,4,2025-01-16,2023-01-01,3
627,3,2025-06-05,2023-07-17,3
407,2,2025-06-25,2024-06-05,1
803,4,2025-08-01,,5
573,4,2025-06-14,,4
315,3,2025-06-11,2020-09-13,1
408,2,2025-01-17,2025-01-15,2
676,1,2025-05-13,2020-07-01,2
458,2,2025-04-04,,1
521,4,2025-04-05,2021-08-30,4
821,1,2025-02-01,,4
988,1,2025-07-12,2022-12-09,1
844,2,2025-06-20,2024-05-05,1
615,4,2025-02-11,,4
270,2,2025-05-19,2021-09-22,4
624,1,2025-05-10,2025-04-28,4
954,4,2025-02-15,2024-05-17,4
534,3,2025-05-03,2021-02-10,2
612,1,2025-01-28,2023-10-25,1
840,2,2025-07-11,2020-07-01,5
450,1,2025-02-12,,1
673,3,2025-03-27,,1
803,2,2025-04-22,2025-03-05,3
691,1,2025-06-04,2021-01-18,3
671,1,2025-04-11,2020-12-11,4
89,3,2025-07-30,2025-07-17,2
362,4,2025-02-12,2024-02-11,3
206,1,2025-05-02,2024-09-26,1
71,1,2025-07-27,2021-09-27,3
744,3,2025-06-23,2021-11-16,2
836,3,2025-04-06,,2
987,2,2025-05-24,2024-03-09,4
414,1,2025-02-01,,1
417,1,2025-04-05,2023-03-25,1
516,3,2025-03-28,2023-06-30,5
120,3,2025-07-13,2020-09-01,4
833,3,2025-06-09,2024-05-06,5
990,4,2025-01-06,2020-12-14,4
789,2,2025-02-12,2024-01-30,2
985,4,2025-05-04,2021-09-11,1
919,1,2025-06-16,2021-11-26,3
265,1,2025-04-25,2022-07-02,3
808,2,2025-07-02,2025-05-26,1
236,3,2025-07-15,2023-03-26,5
362,1,2025-05-28,2020-03-23,3
270,2,2025-06-22,,4
409,3,2025-01-04,,4
954,2,2025-02-21,2020-06-03,5
363,2,2025-01-21,2022-11-21,2
276,2,2025-07-30,2020-12-05,3
700,2,2025-05-14,2024-03-17,3
205,2,2025-05-28,2023-07-29,5
894,3,2025-06-28,,5
208,2,2025-03-28,2025-03-12,2
365,2,2025-06-22,2020-03-18,3
123,1,2025-04-20,2021-05-10,3
680,4,2025-02-12,2021-07-10,4
783,1,2025-03-24,2023-01-21,2
381,3,2025-06-08,2020-06-17,5
903,3,2025-01-09,2024-09-03,4
783,3,2025-07-23,2025-05-18,3
769,2,2025-03-29,,4
819,4,2025-05-26,2021-10-21,3
554,1,2025-05-16,2022-12-09,3
404,2,2025-06-15,2020-12-14,2
124,4,2025-03-24,2023-11-07,4
9,1,2025-07-31,2020-01-28,5
389,1,2025-01-07,2023-09-23,4
628,3,2025-06-04,,3
270,2,2025-06-26,,4
982,3,2025-05-16,2023-09-28,1
511,4,2025-05-03,,5
718,3,2025-03-26,2023-05-09,3
411,3,2025-04-10,2024-01-29,2
586,2,2025-03-09,2024-03-19,3
703,2,2025-08-03,2024-02-19,3
739,3,2025-05-01,2022-11-21,4
569,4,2025-04-26,2024-01-09,4
201,2,2025-07-25,2024-03-08,5
757,2,2025-01-27,2023-12-19,2
10,2,2025-06-08,2024-03-22,1
138,3,2025-05-29,2021-11-29,3
308,3,2025-05-05,2020-01-06,5
582,1,2025-03-05,2025-01-12,2
708,2,2025-04-26,,5
834,3,2025-04-23,2020-06-14,3
645,1,2025-01-25,2024-06-05,5
343,3,2025-01-30,2023-01-05,2
574,3,2025-01-01,2021-11-12,5
422,1,2025-07-02,2025-06-05,2
696,2,2025-03-29,2024-11-04,2
666,2,2025-07-08,2021-02-11,4
292,3,2025-07-15,2020-08-09,1
523,4,2025-05-23,2023-08-20,4
458,1,2025-03-02,2022-06-22,1
294,4,2025-05-27,2020-09-22,5
149,2,2025-04-29,2020-06-03,5
951,3,2025-01-01,2020-08-03,1
628,4,2025-03-27,2021-07-04,5
74,1,2025-05-17,,1
234,3,2025-07-28,2023-08-24,5
299,3,2025-02-20,2021-01-29,1
405,3,2025-01-25,2020-05-27,3
800,3,2025-08-03,2021-06-23,5
534,4,2025-07-31,2021-02-20,2
189,1,2025-03-23,,2
241,3,2025-05-30,2022-06-15,3
718,1,2025-01-27,,4
407,1,2025-02-14,,1
960,4,2025-06-11,2021-01-27,3
27,4,2025-02-18,2021-05-24,3
86,1,2025-06-30,,5
160,1,2025-03-21,2020-06-18,4
907,4,2025-02-18,2024-08-21,5
254,3,2025-07-25,2024-05-01,4
130,2,2025-05-31,2023-11-21,2
175,1,2025-05-10,,5
366,3,2025-06-05,2020-08-29,3
479,3,2025-05-08,2021-10-17,4
139,2,2025-05-29,2021-12-09,1
468,4,2025-01-03,2024-09-21,2
655,3,2025-05-11,2024-05-29,4
494,2,2025-02-10,2021-02-28,2
453,3,2025-05-29,2020-12-24,2
267,2,2025-04-14,2023-10-24,1
1,2,2025-01-28,2022-10-09,5
481,1,2025-04-08,2023-09-28,1
504,4,2025-05-03,,4
785,4,2025-07-12,2022-03-23,2
612,2,2025-02-17,2024-09-12,1
562,3,2025-02-12,,3
904,4,2025-03-11,2020-04-05,2
168,4,2025-05-11,2021-11-03,4
226,3,2025-02-28,,3
641,2,2025-04-27,2023-03-27,2
820,3,2025-07-31,,5
761,3,2025-07-05,2024-09-26,1
874,1,2025-03-31,,2
297,1,2025-03-19,2022-04-27,1
633,4,2025-05-16,,1
638,4,2025-01-27,,1
20,2,2025-04-02,,3
548,1,2025-05-13,,1
105,3,2025-05-04,,2
733,4,2025-03-05,2022-09-01,2
239,1,2025-04-07,,1
506,2,2025-05-28,2023-02-07,1
320,4,2025-04-23,2022-06-18,3
475,1,2025-05-14,2023-07-28,4
864,2,2025-02-28,,1
795,4,2025-05-08,,4
482,2,2025-05-17,,3
862,3,2025-03-22,2023-01-23,4
849,1,2025-05-03,,1
787,2,2025-05-05,2022-05-25,5
999,4,2025-04-28,,3
35,2,2025-04-26,2020-04-15,3
790,1,2025-03-11,2021-07-08,4
214,4,2025-05-21,2022-08-22,3
985,3,2025-03-05,2022-09-17,2
163,1,2025-01-11,2020-11-18,3
563,1,2025-07-21,,4
654,3,2025-03-10,,5
909,1,2025-04-25,2024-02-19,5
224,1,2025-05-30,,4
445,3,2025-02-06,,5
814,3,2025-05-31,2022-08-06,5
406,2,2025-02-09,,1
44,4,2025-04-01,2020-03-24,4
159,3,2025-02-20,2022-06-14,1
255,2,2025-01-24,2020-01-11,4
703,3,2025-04-05,2024-02-23,3
778,1,2025-02-07,,3
661,2,2025-08-02,2024-05-24,1
811,1,2025-06-02,,3
239,3,2025-01-02,2020-03-01,4
808,3,2025-06-04,2023-03-03,4
450,2,2025-07-16,,5
387,3,2025-01-04,2023-11-26,1
257,1,2025-02-08,2022-10-17,4
449,3,2025-07-23,2023-04-02,5
502,2,2025-07-01,2023-03-09,5
557,3,2025-02-18,2023-04-26,3
480,3,2025-01-03,2022-03-15,4
614,2,2025-06-14,,1
159,4,2025-06-21,,4
270,3,2025-06-18,2021-08-18,1
795,4,2025-06-19,2021-06-02,4
905,1,2025-06-04,2021-08-23,1
373,2,2025-06-18,2021-02-26,4
65,4,2025-04-13,,3
700,4,2025-03-28,2020-02-10,5
158,3,2025-04-24,2021-11-12,1
657,3,2025-06-07,,1
536,1,2025-01-17,,2
961,2,2025-05-26,,1
33,2,2025-01-20,,4
197,1,2025-03-10,,4
658,4,2025-06-22,2022-12-22,3
539,3,2025-04-15,,2
227,1,2025-02-25,,5
944,2,2025-02-27,2020-10-04,4
951,1,2025-03-24,2020-05-18,1
655,1,2025-06-15,2020-06-27,3
762,4,2025-06-01,2024-10-12,3
814,1,2025-03-29,2025-06-08,5
273,1,2025-07-13,2020-11-02,4
855,3,2025-07-22,,2
222,1,2025-07-19,,5
237,4,2025-06-27,,4
539,2,2025-07-12,2022-05-06,1
971,2,2025-04-09,2021-12-12,1
572,4,2025-06-10,2025-02-08,2
785,3,2025-03-23,2021-10-11,5
720,4,2025-05-21,2025-04-24,1
171,2,2025-07-26,2021-05-31,5
517,3,2025-01-06,2021-06-29,4
547,4,2025-02-23,2023-01-01,1
925,3,2025-04-21,2024-09-19,5
333,3,2025-01-22,2023-11-10,2
649,4,2025-07-29,2022-02-03,4
332,2,2025-04-19,2022-02-07,3
220,4,2025-06-10,2021-10-31,5
949,3,2025-05-02,2023-09-13,4
464,4,2025-02-17,2022-04-11,5
1,1,2025-04-18,2023-09-29,1
611,1,2025-04-02,2021-03-26,3
912,3,2025-07-13,,5
228,2,2025-03-11,2022-12-23,1
23,3,2025-03-28,2022-01-19,5
524,2,2025-06-09,,4
472,3,2025-06-18,,2
272,3,2025-03-19,2023-08-18,4
256,2,2025-01-13,,3
308,1,2025-06-25,2025-06-08,2
583,2,2025-06-19,2020-01-31,1
741,3,2025-01-14,2025-02-25,3
178,4,2025-03-09,2024-07-07,5
707,1,2025-06-21,2020-03-16,3
308,1,2025-03-29,2023-08-03,4
591,4,2025-03-26,,1
58,3,2025-01-16,2021-08-11,2
837,4,2025-01-21,2024-11-29,1
889,1,2025-08-01,2021-08-20,2
233,1,2025-01-13,2024-10-04,4
648,4,2025-02-26,,4
537,1,2025-06-01,2024-01-01,2
579,2,2025-01-29,2023-09-20,1
715,2,2025-01-12,,4
690,4,2025-07-28,2023-02-03,2
771,1,2025-02-02,,4
297,4,2025-03-31,,1
345,1,2025-06-25,2021-10-17,3
764,1,2025-02-01,2022-10-22,2
269,1,2025-06-07,2023-11-22,2
445,2,2025-04-07,2023-03-24,3
493,2,2025-01-13,2020-10-20,5
668,2,2025-07-02,2024-11-22,4
754,2,2025-07-17,,2
273,4,2025-02-03,2023-04-13,4
947,1,2025-03-04,,1
424,4,2025-03-28,2022-02-02,1
196,3,2025-06-02,2020-07-21,2
672,1,2025-04-15,2022-11-09,2
174,3,2025-07-30,2020-08-20,2
823,4,2025-05-11,2025-06-27,5
452,1,2025-02-22,2022-01-01,5
240,2,2025-03-12,2023-10-29,1
160,1,2025-05-30,,4
56,2,2025-07-20,2024-03-28,4
949,2,2025-06-18,2023-03-17,3
840,3,2025-04-03,,4
711,1,2025-04-05,2020-03-05,1
483,1,2025-01-22,2023-02-03,5
758,2,2025-07-07,,3
536,3,2025-06-26,2024-12-08,5
638,2,2025-02-23,2020-10-08,1
685,1,2025-01-05,2023-07-06,4
928,1,2025-03-01,,4
62,3,2025-05-23,,1
714,3,2025-04-20,,3
671,1,2025-03-26,,4
677,3,2025-02-23,2021-05-03,5
935,3,2025-02-18,2020-07-08,4
20,3,2025-07-08,2024-04-26,1
665,4,2025-02-09,,1
390,1,2025-04-12,2024-08-13,1
497,1,2025-06-06,,3
513,4,2025-01-05,2023-09-30,3
730,1,2025-04-03,,4
945,3,2025-04-16,2021-11-08,4
403,2,2025-02-25,,5
701,3,2025-07-30,2023-04-05,2
310,2,2025-04-08,2022-05-15,2
514,3,2025-02-04,2021-01-11,1
641,3,2025-05-10,2022-01-22,1
912,1,2025-05-02,2023-12-28,2
972,3,2025-02-01,,1
350,4,2025-04-30,2021-09-08,5
90,4,2025-05-17,2020-05-02,2
695,2,2025-05-22,2023-10-08,2
587,2,2025-08-03,2020-07-13,4
320,3,2025-01-03,2023-10-20,5
135,2,2025-07-31,2020-02-21,3
595,2,2025-02-21,2024-04-23,5
317,2,2025-03-03,2021-09-16,3
931,2,2025-06-07,2023-05-12,4
579,2,2025-06-18,2022-09-20,1
571,1,2025-01-27,,2
860,2,2025-02-04,2021-08-26,5
784,3,2025-05-06,2021-05-28,4
424,4,2025-05-20,2023-04-15,1
764,3,2025-06-12,,5
193,1,2025-01-16,,1
27,3,2025-01-19,2024-12-13,2
628,2,2025-04-10,2020-10-31,2
237,1,2025-03-25,2020-04-25,2
705,4,2025-02-08,,3
867,4,2025-08-01,2022-11-04,2
383,2,2025-07-17,2021-06-08,4
504,4,2025-01-07,,1
198,2,2025-01-03,,3
783,1,2025-07-08,2024-12-26,1
974,4,2025-07-08,,5
688,2,2025-04-16,2020-09-29,1
68,2,2025-03-06,2020-10-07,1
450,4,2025-03-14,2024-12-24,5
888,4,2025-01-31,2023-07-04,3
438,4,2025-02-17,2021-06-17,5
623,4,2025-07-20,2024-04-04,5
404,1,2025-01-26,2025-04-30,1
463,4,2025-01-19,2024-09-26,3
44,2,2025-04-30,2023-07-29,2
406,1,2025-06-07,2024-10-25,3
529,1,2025-05-28,,2
451,4,2025-02-25,2024-11-19,4
793,3,2025-05-21,2020-06-17,2
433,3,2025-07-25,2024-07-12,2
56,2,2025-03-19,2023-01-14,4
662,4,2025-03-30,,4
513,1,2025-01-27,,4
600,2,2025-05-09,2023-02-05,2
332,4,2025-04-15,,1
465,2,2025-06-11,2021-03-30,2
93,3,2025-05-29,2022-01-02,4
665,2,2025-06-21,2022-01-15,5
127,1,2025-03-22,,5
461,3,2025-06-25,,1
725,4,2025-01-15,2023-05-08,2
999,2,2025-05-29,2020-06-10,2
390,1,2025-05-19,2021-11-06,5
935,3,2025-07-27,2023-11-01,2
676,2,2025-04-16,,1
149,2,2025-04-11,2022-01-05,4
53,4,2025-03-15,2024-11-16,5
748,4,2025-06-25,,1
186,1,2025-04-19,2021-06-16,5
984,2,2025-06-03,,2
784,3,2025-01-15,,2
510,4,2025-05-06,2020-08-27,4
6,4,2025-02-26,,3
603,4,2025-01-12,2021-10-18,2
453,1,2025-06-28,2024-02-01,3
7,2,2025-01-21,2021-06-14,4
285,2,2025-01-08,,1
152,1,2025-01-09,2022-07-31,4
38,2,2025-06-03,2020-05-24,1
684,3,2025-04-06,2024-05-11,3
90,1,2025-04-03,,4
183,2,2025-03-09,2022-10-18,1
626,2,2025-04-22,2025-01-09,2
768,3,2025-07-13,2022-07-09,3
96,3,2025-06-30,2022-06-29,4
920,4,2025-06-28,2023-04-02,4
777,4,2025-06-22,2020-01-29,5
67,3,2025-01-29,2022-08-25,2
125,3,2025-06-09,2022-12-01,2
424,2,2025-01-01,2024-03-10,4
627,1,2025-03-20,,5
748,1,2025-06-21,2022-04-19,5
706,3,2025-07-01,2020-08-30,4
869,3,2025-02-01,,2
589,3,2025-06-01,2025-03-24,2
630,4,2025-05-02,2021-06-27,5
648,4,2025-03-24,2022-12-23,5
185,2,2025-07-21,2021-02-06,3
199,1,2025-03-29,,4
477,1,2025-02-03,2024-11-24,1
213,4,2025-03-26,2020-07-17,4
342,3,2025-01-18,2023-03-21,5
653,2,2025-06-12,,1
207,3,2025-03-04,,4
70,3,2025-07-23,2021-12-03,1
564,3,2025-02-17,2022-08-09,5
117,3,2025-01-27,2021-05-16,1
742,1,2025-04-20,2021-07-02,2
199,3,2025-05-02,2021-07-09,1
945,4,2025-04-08,2020-05-15,3
817,1,2025-06-04,2023-03-10,3
494,2,2025-05-16,2022-01-18,4
914,3,2025-04-12,2024-08-25,3
834,4,2025-03-31,2021-01-14,4
58,3,2025-02-07,2022-04-30,3
695,3,2025-06-06,2022-02-28,3
20,2,2025-05-06,2022-04-04,5
340,3,2025-03-17,,5
153,3,2025-04-23,2020-05-30,3
348,4,2025-07-30,2024-08-21,3
863,2,2025-06-26,2021-06-02,4
399,2,2025-06-20,2020-11-02,5
886,3,2025-04-06,2023-05-12,4
323,1,2025-04-01,,4
89,4,2025-01-23,2020-06-15,5
381,4,2025-04-23,2024-02-16,5
310,2,2025-03-31,2024-01-17,5
180,1,2025-05-13,2023-07-17,5
39,2,2025-06-10,2024-05-03,5
455,1,2025-04-27,2022-09-18,2
927,2,2025-05-29,,4
946,4,2025-01-28,2023-11-14,3
537,3,2025-04-14,2021-05-22,1
147,1,2025-03-11,2024-12-29,4
961,2,2025-07-01,,3
38,4,2025-01-19,2022-02-10,5
886,1,2025-03-25,,5
955,1,2025-06-06,2023-04-18,5
609,1,2025-02-06,2024-02-13,1
911,1,2025-03-22,,3
785,3,2025-01-04,,3
777,3,2025-03-18,2025-06-13,3
215,3,2025-03-13,,3
294,3,2025-04-21,2020-11-04,5
792,4,2025-01-01,2023-11-29,5
280,2,2025-06-19,,2
118,1,2025-05-24,2021-02-14,3
574,1,2025-05-18,,3
359,3,2025-05-09,,2
966,3,2025-06-13,2021-07-13,5
176,1,2025-07-22,2023-08-14,2
914,3,2025-05-02,2021-05-28,3
52,2,2025-02-28,,3
925,1,2025-03-17,,2
56,1,2025-04-24,2021-10-23,3
184,4,2025-05-11,2021-11-15,5
320,3,2025-04-29,2022-11-23,4
731,1,2025-07-02,2025-06-08,3
774,4,2025-05-24,2022-01-25,3
96,4,2025-05-03,,5
318,4,2025-01-07,2023-08-14,4
971,2,2025-06-19,,2
918,3,2025-01-30,2021-04-10,5
402,2,2025-07-07,2021-04-11,2
682,3,2025-03-07,2024-08-27,3
904,3,2025-05-26,2021-07-26,2
31,1,2025-06-08,2022-12-14,3
360,4,2025-01-12,2021-06-05,5
175,3,2025-05-13,2024-07-13,5
619,2,2025-07-17,2021-11-28,3
416,1,2025-04-10,2022-05-17,2
666,1,2025-02-12,2023-03-25,4
546,4,2025-08-01,2024-05-10,5
424,2,2025-07-17,2024-12-13,5
562,2,2025-06-21,2023-07-20,2
394,1,2025-02-14,2020-05-08,1
834,4,2025-06-19,2020-03-14,3
446,3,2025-07-17,2020-01-04,2
242,2,2025-06-01,2021-07-07,2
80,4,2025-01-30,,5
611,4,2025-02-09,2024-07-24,3
100,4,2025-03-08,,2
979,4,2025-02-14,,4
112,4,2025-06-15,2025-06-22,3
661,1,2025-05-07,,2
837,2,2025-07-22,2025-06-04,4
925,1,2025-04-21,2023-04-04,4
677,2,2025-04-23,2023-12-05,3
299,4,2025-07-10,2020-06-04,5
458,2,2025-06-14,,4
899,3,2025-05-07,,5
814,3,2025-04-14,2025-04-21,3
960,4,2025-07-17,2023-12-11,2
938,3,2025-07-27,2021-12-05,3
597,1,2025-07-14,2023-02-26,5
523,4,2025-01-24,2023-11-25,1
873,3,2025-06-06,,3
923,1,2025-07-17,,1
574,3,2025-04-01,,4
289,1,2025-07-19,,5
720,4,2025-03-25,2020-01-19,4
729,4,2025-04-01,2024-08-09,1
446,2,2025-01-24,2023-05-08,1
487,2,2025-02-23,,2
394,3,2025-03-12,2025-04-22,3
158,3,2025-07-31,2023-02-10,4
687,2,2025-06-29,,4
74,1,2025-06-16,,5
907,4,2025-01-30,2024-07-29,5
999,2,2025-05-09,,3
658,4,2025-05-30,2025-02-02,5
916,4,2025-01-09,2023-06-17,5
466,4,2025-05-14,2022-04-07,4
461,4,2025-01-15,2022-10-31,2
191,4,2025-04-24,2020-09-17,3
592,4,2025-06-29,2024-07-15,1
243,3,2025-03-31,2022-08-07,4
560,3,2025-05-30,,4
39,4,2025-07-17,2022-03-06,5
116,4,2025-07-24,2021-01-02,1
82,2,2025-06-05,2020-05-12,4
540,3,2025-05-31,2025-06-22,4
81,1,2025-02-12,,4
646,1,2025-07-24,2021-07-18,3
553,3,2025-05-15,2021-03-01,1
926,3,2025-02-25,2022-05-03,2
12,4,2025-07-29,2025-07-04,2
928,4,2025-06-23,2020-02-22,1
340,4,2025-02-11,2023-09-03,3
818,3,2025-05-25,,1
37,3,2025-04-25,2021-05-31,1
578,3,2025-02-07,,1
485,2,2025-01-05,2025-03-27,3
673,3,2025-01-29,2021-05-21,1
640,1,2025-03-15,,5
85,2,2025-06-19,2023-09-28,5
872,3,2025-03-02,,3
631,3,2025-04-05,,2
264,1,2025-04-19,2024-11-28,1
619,2,2025-02-03,2023-03-13,4
757,2,2025-02-27,2021-02-21,2
379,2,2025-01-14,,1
718,2,2025-05-18,2023-01-06,5
819,1,2025-02-28,2025-06-01,1
87,2,2025-04-16,2024-01-21,1
842,2,2025-01-28,2024-08-08,1
771,4,2025-01-08,2022-09-26,3
244,4,2025-06-25,2023-06-01,5
172,2,2025-01-12,2025-05-25,3
863,3,2025-06-28,,3
271,1,2025-07-09,,4
476,4,2025-06-12,2022-06-03,2
488,2,2025-07-27,2024-03-04,2
723,4,2025-05-27,2022-01-05,2
149,4,2025-05-31,,5
950,4,2025-05-12,2023-11-24,5
324,1,2025-07-18,,5
545,3,2025-06-20,2025-07-08,3
443,3,2025-04-05,2024-12-05,5
274,1,2025-05-28,,3
599,4,2025-02-22,2020-11-07,2
692,2,2025-06-16,2021-03-07,2
603,2,2025-04-15,2024-03-31,1
694,2,2025-04-09,2021-08-22,5
11,1,2025-02-01,2021-09-18,5
13,4,2025-05-30,,3
107,4,2025-02-25,2020-02-23,2
743,3,2025-01-20,,2
35,1,2025-06-17,2022-07-06,4
59,2,2025-01-23,2023-03-25,2
654,1,2025-03-07,2021-11-12,5
123,1,2025-04-08,2024-06-13,5
134,4,2025-07-29,2025-03-05,1
922,2,2025-07-23,2025-07-13,2
713,2,2025-04-28,,1
479,1,2025-02-21,2023-10-07,5
945,3,2025-05-11,2023-04-16,5
709,3,2025-05-01,,3
800,1,2025-01-04,,4
64,4,2025-02-22,2022-11-23,1
62,3,2025-02-10,2021-12-23,1
272,2,2025-07-02,2020-09-14,2
504,2,2025-05-05,2025-07-15,4
183,4,2025-05-10,,2
554,4,2025-05-23,,2
659,1,2025-05-15,2020-09-09,4
733,3,2025-02-25,,5
75,1,2025-07-29,2021-05-26,2
257,4,2025-02-03,,2
510,2,2025-01-15,2021-02-17,2
1,1,2025-07-16,2022-02-12,3
273,2,2025-01-24,2021-10-27,1
927,4,2025-07-10,2024-12-18,1
528,4,2025-06-23,2025-04-12,2
414,1,2025-07-18,2024-08-16,3
4,4,2025-01-20,2022-03-11,4
838,4,2025-04-12,,5
549,3,2025-01-22,2023-12-29,5
311,4,2025-03-06,,4
982,1,2025-04-26,2022-01-18,4
874,3,2025-02-26,,2
471,3,2025-05-07,2022-12-26,2
181,1,2025-07-31,2021-04-15,1
677,2,2025-05-29,,1
400,1,2025-04-06,2024-06-18,4
368,4,2025-06-25,,4
648,4,2025-06-06,2024-09-15,4
144,1,2025-08-03,,2
738,2,2025-04-01,2024-08-26,4
65,3,2025-05-23,2024-11-08,5
989,4,2025-01-18,2021-08-12,4
17,1,2025-03-22,2022-04-30,1
346,1,2025-07-27,2025-05-01,5
217,4,2025-04-28,2025-06-15,3
892,2,2025-04-28,2022-05-30,2
239,1,2025-07-16,,4
145,4,2025-01-20,2025-06-08,4
483,1,2025-03-06,,5
665,2,2025-07-17,,3
648,1,2025-06-02,2025-06-23,3
841,1,2025-07-05,2021-10-03,1
175,1,2025-05-11,2023-12-14,4
109,1,2025-03-25,2021-10-08,5
819,2,2025-01-14,,5
208,4,2025-03-08,2022-01-30,4
856,4,2025-02-13,2023-04-20,4
1000,2,2025-06-18,2020-10-30,5
988,2,2025-07-02,2025-05-21,2
608,2,2025-01-25,2023-05-23,3
124,3,2025-04-25,,2
426,2,2025-07-08,2024-08-29,1
567,2,2025-07-09,2025-05-14,5
948,1,2025-01-31,,4
811,4,2025-01-15,2020-12-25,2
17,4,2025-03-22,,4
8,2,2025-05-25,2021-12-09,2
724,3,2025-05-06,2022-12-24,2
827,4,2025-03-12,2020-12-25,3
212,2,2025-06-01,2021-07-05,3
536,4,2025-05-06,2020-05-05,4
961,2,2025-02-22,2024-05-23,3
39,2,2025-07-28,2020-06-01,2
627,1,2025-02-26,2020-08-18,3
802,3,2025-03-03,2025-01-11,2
5,2,2025-03-20,,4
543,1,2025-04-26,2020-07-10,5
884,2,2025-06-09,2021-03-04,4
642,2,2025-02-12,,1
199,1,2025-01-15,2020-02-27,5
702,4,2025-01-03,2020-02-28,2
164,1,2025-05-25,,1
373,3,2025-02-09,,4
258,3,2025-05-27,2022-07-05,1
912,4,2025-01-08,,4
759,1,2025-01-25,2021-09-13,5
181,2,2025-03-06,2023-01-05,3
497,1,2025-02-10,,3
241,4,2025-01-22,2020-02-28,4
334,4,2025-01-30,,1
694,3,2025-06-03,,4
113,3,2025-03-29,,4
243,4,2025-01-21,2023-01-20,4
385,2,2025-04-13,,4
600,4,2025-07-16,,1
447,2,2025-01-14,,4
625,4,2025-04-02,,3
383,2,2025-07-17,2025-01-20,3
199,3,2025-03-03,2021-04-16,2
208,3,2025-02-02,,3
709,1,2025-07-31,,3
114,4,2025-07-13,2022-05-30,3
176,3,2025-04-04,,4
303,2,2025-01-23,2023-03-02,2
